<?xml version="1.0" encoding="GB2312"?>
<HW_DFSPOTTEST>

	<!--temperature 1 -->
    <Mode DISTANCE="20" TEMPERATURE ="15" minContrast="0.37" maxContrast="0.58" minDiameter="0.37" maxDiameter="0.58" minPower="160" maxPower="160" minFOIAngleX="600" maxFOIAngleX="510" minFOIAngleY="690" maxFOIAngleY="-50" minPatternUniformity="50" maxPatternUniformity='0' minOrderErrPower='0' maxOrderErrPower='0' minPatternRotation='0' maxPatternRotation='0' minSignleOrderRotation='0' maxignleOrderRotation='0' minZeroOrderUni='0' maxZeroOrderUni='0' minDeadSpot='0' maxDeadSpot='0' minDeadSpotCluster='0' maxDeadSpotCluster='0' minBlinking='0' maxBlinking='666'/>

    <Mode DISTANCE="35" TEMPERATURE ="15" minContrast="0.37" maxContrast="0.58" minDiameter="0.37" maxDiameter="0.58" minPower="160" maxPower="160" minFOIAngleX="600" maxFOIAngleX="510" minFOIAngleY="690" maxFOIAngleY="-50" minPatternUniformity="50" maxPatternUniformity='0' minOrderErrPower='0' maxOrderErrPower='0' minPatternRotation='0' maxPatternRotation='0' minSignleOrderRotation='0' maxignleOrderRotation='0' minZeroOrderUni='0' maxZeroOrderUni='0' minDeadSpot='0' maxDeadSpot='0' minDeadSpotCluster='0' maxDeadSpotCluster='0' minBlinking='0' maxBlinking='0'/>

    <Mode DISTANCE="70" TEMPERATURE ="15" minContrast="0.37" maxContrast="0.58" minDiameter="0.37" maxDiameter="0.58" minPower="160" maxPower="160" minFOIAngleX="600" maxFOIAngleX="510" minFOIAngleY="690" maxFOIAngleY="-50" minPatternUniformity="50" maxPatternUniformity='0' minOrderErrPower='0' maxOrderErrPower='0' minPatternRotation='0' maxPatternRotation='0' minSignleOrderRotation='0' maxignleOrderRotation='0' minZeroOrderUni='0' maxZeroOrderUni='0' minDeadSpot='0' maxDeadSpot='0' minDeadSpotCluster='0' maxDeadSpotCluster='0' minBlinking='0' maxBlinking='0'/>

    <!--temperature 2 -->
    <Mode DISTANCE="20" TEMPERATURE ="40" minContrast="0.37" maxContrast="0.58" minDiameter="0.37" maxDiameter="0.58" minPower="160" maxPower="160" minFOIAngleX="600" maxFOIAngleX="510" minFOIAngleY="690" maxFOIAngleY="-50" minPatternUniformity="50" maxPatternUniformity='0' minOrderErrPower='0' maxOrderErrPower='0' minPatternRotation='0' maxPatternRotation='0' minSignleOrderRotation='0' maxignleOrderRotation='0' minZeroOrderUni='0' maxZeroOrderUni='0' minDeadSpot='0' maxDeadSpot='0' minDeadSpotCluster='0' maxDeadSpotCluster='0' minBlinking='0' maxBlinking='0'/>

    <Mode DISTANCE="35" TEMPERATURE ="40" minContrast="0.37" maxContrast="0.58" minDiameter="0.37" maxDiameter="0.58" minPower="160" maxPower="160" minFOIAngleX="600" maxFOIAngleX="510" minFOIAngleY="690" maxFOIAngleY="-50" minPatternUniformity="50" maxPatternUniformity='0' minOrderErrPower='0' maxOrderErrPower='0' minPatternRotation='0' maxPatternRotation='0' minSignleOrderRotation='0' maxignleOrderRotation='0' minZeroOrderUni='0' maxZeroOrderUni='0' minDeadSpot='0' maxDeadSpot='0' minDeadSpotCluster='0' maxDeadSpotCluster='0' minBlinking='0' maxBlinking='0'/>

    <Mode DISTANCE="70" TEMPERATURE ="40" minContrast="0.37" maxContrast="0.58" minDiameter="0.37" maxDiameter="0.58" minPower="160" maxPower="160" minFOIAngleX="600" maxFOIAngleX="510" minFOIAngleY="690" maxFOIAngleY="-50" minPatternUniformity="50" maxPatternUniformity='0' minOrderErrPower='0' maxOrderErrPower='0' minPatternRotation='0' maxPatternRotation='0' minSignleOrderRotation='0' maxignleOrderRotation='0' minZeroOrderUni='0' maxZeroOrderUni='0' minDeadSpot='0' maxDeadSpot='0' minDeadSpotCluster='0' maxDeadSpotCluster='0' minBlinking='0' maxBlinking='0'/>

    <!--temperature 3 -->
    <Mode DISTANCE="20" TEMPERATURE ="50" minContrast="0.37" maxContrast="0.58" minDiameter="0.37" maxDiameter="0.58" minPower="160" maxPower="160" minFOIAngleX="600" maxFOIAngleX="510" minFOIAngleY="690" maxFOIAngleY="-50" minPatternUniformity="50" maxPatternUniformity='0' minOrderErrPower='0' maxOrderErrPower='0' minPatternRotation='0' maxPatternRotation='0' minSignleOrderRotation='0' maxignleOrderRotation='0' minZeroOrderUni='0' maxZeroOrderUni='0' minDeadSpot='0' maxDeadSpot='0' minDeadSpotCluster='0' maxDeadSpotCluster='0' minBlinking='0' maxBlinking='0'/>

    <Mode DISTANCE="35" TEMPERATURE ="50" minContrast="0.37" maxContrast="0.58" minDiameter="0.37" maxDiameter="0.58" minPower="160" maxPower="160" minFOIAngleX="600" maxFOIAngleX="510" minFOIAngleY="690" maxFOIAngleY="-50" minPatternUniformity="50" maxPatternUniformity='0' minOrderErrPower='0' maxOrderErrPower='0' minPatternRotation='0' maxPatternRotation='0' minSignleOrderRotation='0' maxignleOrderRotation='0' minZeroOrderUni='0' maxZeroOrderUni='0' minDeadSpot='0' maxDeadSpot='0' minDeadSpotCluster='0' maxDeadSpotCluster='0' minBlinking='0' maxBlinking='0'/>

    <Mode DISTANCE="70" TEMPERATURE ="50" minContrast="0.37" maxContrast="0.58" minDiameter="0.37" maxDiameter="0.58" minPower="160" maxPower="160" minFOIAngleX="600" maxFOIAngleX="510" minFOIAngleY="690" maxFOIAngleY="-50" minPatternUniformity="50" maxPatternUniformity='0' minOrderErrPower='0' maxOrderErrPower='0' minPatternRotation='0' maxPatternRotation='0' minSignleOrderRotation='0' maxignleOrderRotation='0' minZeroOrderUni='0' maxZeroOrderUni='0' minDeadSpot='0' maxDeadSpot='0' minDeadSpotCluster='0' maxDeadSpotCluster='0' minBlinking='0' maxBlinking='888'/>
</HW_DFSPOTTEST>
